{
  "model_key": "Zephyr_7B",
  "lambda": 0.0,
  "aqi_score": 65.85872362261094,
  "chi_norm": 100.0,
  "xb_norm": 31.717447245221877,
  "n_samples": 1400
}