{
  "model_key": "Llama3_8B",
  "hf_repo": "meta-llama/Llama-3.1-8B-Instruct",
  "aqi_score": 34.84030413043395,
  "chi_norm": 59.680608260867906,
  "xb_norm": 10.0,
  "n_samples": 2800
}