{
  "model_key": "Llama31_Tulu",
  "lambda": 0.5,
  "aqi_score": 71.50728370005044,
  "chi_norm": 100.0,
  "xb_norm": 43.01456740010089,
  "n_samples": 1400
}