{
  "model_key": "Zephyr_7B",
  "lambda": 1.0,
  "aqi_score": 67.77895227743845,
  "chi_norm": 100.0,
  "xb_norm": 35.5579045548769,
  "n_samples": 1400
}