{
  "baseline_model": "Mistral_7B",
  "baseline_aqi": 55.0,
  "all_scores": {
    "Mistral_7B": 55.0,
    "Zephyr_7B": 55.0,
    "Llama3_8B": 34.84030413043395,
    "Gemma2_9B": 34.277694994783964,
    "Qwen2_7B": 14.966477768937185,
    "Falcon_7B": 5.0
  },
  "timestamp": "2026-01-19T01:54:35.199473"
}