{
  "summary": [
    {
      "model_key": "Zephyr_7B",
      "aqi_lambda_0": 65.85872362261094,
      "aqi_lambda_1": 67.77895227743845,
      "delta": 1.9202286548275111,
      "is_monotonic": false,
      "all_lambdas": {
        "0.0": 65.85872362261094,
        "0.25": 55.0,
        "0.5": 59.89400150450127,
        "0.75": 55.0,
        "1.0": 67.77895227743845
      }
    },
    {
      "model_key": "Falcon_7B",
      "aqi_lambda_0": 29.496001291916777,
      "aqi_lambda_1": 15.289236378283706,
      "delta": -14.206764913633071,
      "is_monotonic": false,
      "all_lambdas": {
        "0.0": 29.496001291916777,
        "0.25": 13.873428468933037,
        "0.5": 16.470775240846102,
        "0.75": 17.80764476726367,
        "1.0": 15.289236378283706
      }
    },
    {
      "model_key": "Mistral_7B",
      "aqi_lambda_0": 69.29803968913194,
      "aqi_lambda_1": 57.94162947113398,
      "delta": -11.356410217997961,
      "is_monotonic": false,
      "all_lambdas": {
        "0.0": 69.29803968913194,
        "0.25": 77.30789274330989,
        "0.5": 62.970558366839825,
        "0.75": 57.02440727381165,
        "1.0": 57.94162947113398
      }
    }
  ],
  "timestamp": "2026-01-24T20:54:05.006180"
}