{
  "summary": [
    {
      "model_key": "Llama31_Tulu",
      "aqi_lambda_0": 58.01403644922715,
      "aqi_lambda_1": 79.8420682840336,
      "delta": 21.828031834806453,
      "is_monotonic": true,
      "all_lambdas": {
        "0.0": 58.01403644922715,
        "0.25": 68.04354571190592,
        "0.5": 71.50728370005044,
        "0.75": 72.09447109791566,
        "1.0": 79.8420682840336
      }
    }
  ],
  "timestamp": "2026-01-25T03:03:06.232271"
}