{
  "model_key": "Mistral_7B",
  "lambda": 1.0,
  "aqi_score": 57.94162947113398,
  "chi_norm": 99.99999999999999,
  "xb_norm": 15.883258942267975,
  "n_samples": 1400
}