{
  "model_key": "Llama31_Tulu",
  "lambda": 1.0,
  "aqi_score": 79.8420682840336,
  "chi_norm": 100.0,
  "xb_norm": 59.6841365680672,
  "n_samples": 1400
}