{
  "model_key": "Falcon_7B",
  "hf_repo": "tiiuae/falcon-7b-instruct",
  "aqi_score": 56.01172255131444,
  "chi_norm": 99.99999999999999,
  "xb_norm": 12.023445102628894,
  "n_samples": 1400
}