{
  "model_key": "Gemma2_9B",
  "hf_repo": "google/gemma-2-9b-it",
  "aqi_score": 34.277694994783964,
  "chi_norm": 58.55538998956793,
  "xb_norm": 10.0,
  "n_samples": 2800
}