{
  "model_key": "Falcon_7B",
  "lambda": 1.0,
  "aqi_score": 15.289236378283706,
  "chi_norm": 20.57847275656741,
  "xb_norm": 10.0,
  "n_samples": 1400
}