{
  "model_key": "Llama31_Tulu",
  "lambda": 0.75,
  "aqi_score": 72.09447109791566,
  "chi_norm": 100.0,
  "xb_norm": 44.188942195831316,
  "n_samples": 1400
}