{
  "model_key": "Qwen2_7B",
  "hf_repo": "Qwen/Qwen2-7B-Instruct",
  "aqi_score": 14.966477768937185,
  "chi_norm": 19.93295553787437,
  "xb_norm": 10.0,
  "n_samples": 2800
}